<?xml version="1.0" encoding="UTF-8"?>
<views><view name="MainView"/><view name="listViewer"/><folder name="customers"><view name="createNewCustomer"/><view name="customerCard"/><view name="customerInfo"/><view name="customerFinances"/><view name="editCustomerInfo"/><view name="deleteCustomer"/><folder name="invoices"><view name="invoiceInfo"/><view name="invoiceList"/></folder><view name="editCustomerFinancialInfo"></view></folder><folder name="settings"><view name="appSettings"/></folder><folder name="persons"><view name="personInfo"/><view name="contactCard"/><view name="addCustomer"/></folder></views>
